animal,id,time,x,y
767,1,2005-11-27 16:01:53,1231569.43843427,5781498.86921619
767,2,2005-11-28 00:03:00,1231541.55290182,5781371.87100375
767,3,2005-11-28 04:01:52,1231879.10699376,5781535.53940703
767,4,2005-11-28 08:01:24,1231599.28318975,5781672.87767148
767,5,2005-11-28 12:01:56,1231634.19298206,5781679.46496111
767,6,2005-11-28 16:01:24,1231462.87228573,5781463.40120825
767,7,2005-11-28 20:00:53,1231446.10757042,5781406.2968917
767,8,2005-11-29 00:02:20,1231549.45658567,5781437.27709974
767,9,2005-11-29 12:01:01,1231638.12256009,5781744.21619516
767,10,2005-11-29 16:01:47,1231685.01032961,5781618.400493
767,11,2005-11-29 20:01:47,1231692.64684668,5781420.33653801
767,12,2005-11-30 00:02:51,1231535.89787169,5781440.85112968
767,13,2005-11-30 04:01:12,1231632.44526606,5781450.5314691
767,14,2005-11-30 12:02:14,1231319.39259405,5781516.46704234
767,15,2005-11-30 16:01:04,1231440.19650546,5781405.07884124
767,16,2005-11-30 20:01:12,1231550.55864863,5781442.35767187
767,17,2005-12-01 12:02:51,1231635.32844087,5781717.30590952
767,18,2005-12-01 16:02:38,1231453.38786512,5781955.36620292
767,19,2005-12-01 20:03:12,1231562.21379932,5782031.01856044
767,20,2005-12-02 00:02:24,1231562.77039677,5782039.06467543
767,21,2005-12-02 04:00:55,1231449.63639828,5781973.59002747
767,22,2005-12-02 16:01:42,1231527.44872234,5781967.94817101
767,23,2005-12-03 00:02:34,1231576.87457625,5781999.01048208
767,24,2005-12-04 00:02:17,1231871.12538627,5781623.99404489
767,25,2005-12-04 12:02:01,1231835.26937828,5781466.18992131
767,26,2005-12-04 20:02:10,1232104.59575431,5781588.74991871
767,27,2005-12-07 12:02:06,1231562.23606321,5781756.99019497
767,28,2005-12-07 16:01:44,1231591.86931166,5782019.54244094
767,29,2005-12-07 20:02:19,1231457.90743644,5782044.17764871
767,30,2005-12-08 00:01:30,1231595.43153537,5781961.40875097
767,31,2005-12-08 04:01:43,1231649.29903697,5781945.8455918
767,32,2005-12-11 06:01:47,1231525.13327693,5781658.42091187
767,33,2005-12-11 12:01:40,1231546.41756357,5781780.47068175
767,34,2005-12-11 18:03:08,1231624.46365857,5781972.5001231
767,35,2005-12-12 00:01:51,1231600.57449584,5782001.623055
767,36,2005-12-12 06:02:52,1231629.4841676,5781950.20519697
767,37,2005-12-12 18:01:51,1231543.17816639,5781707.60925128
767,38,2005-12-14 18:03:07,1231913.94999438,5781691.53365774
767,39,2005-12-15 00:01:54,1232019.38068411,5781680.15414255
767,40,2005-12-15 06:02:42,1232062.18302832,5781691.80612518
767,41,2005-12-16 06:01:47,1231531.26698088,5782039.65771606
767,42,2005-12-16 18:02:40,1232082.07582132,5781727.21093667
767,43,2005-12-17 00:02:52,1231842.67212442,5781680.84332404
767,44,2005-12-17 06:02:18,1231838.00783776,5781637.232666
767,45,2005-12-17 12:02:22,1231652.02636449,5781425.12861416
767,46,2005-12-18 00:01:53,1231612.53020916,5781987.47029188
767,47,2005-12-18 06:02:57,1231619.36522589,5781961.87356253
767,48,2005-12-18 12:02:42,1231650.23412069,5782003.96315164
767,49,2005-12-19 00:01:54,1231870.05671916,5781637.2166386
767,50,2005-12-19 06:03:03,1231608.70081867,5781944.89994243
767,51,2005-12-19 12:02:24,1231545.02606994,5782117.33035423
767,52,2005-12-19 18:02:12,1231715.66771737,5781998.8341735
767,53,2005-12-20 00:01:51,1231639.70329686,5781861.13824773
767,54,2005-12-20 06:03:07,1231650.1228012,5781861.79538769
767,55,2005-12-21 00:01:51,1231600.20714152,5781968.41298292
767,56,2005-12-21 06:02:12,1231554.20992793,5781988.03127301
767,57,2005-12-21 12:01:21,1231443.9479723,5781828.20117355
767,58,2005-12-21 18:01:44,1231484.75769762,5781771.65547464
767,59,2005-12-22 00:01:56,1231317.62261415,5781681.53250558
767,60,2005-12-22 06:02:39,1231460.8685349,5781837.8178249
767,61,2005-12-22 12:02:07,1231612.40775772,5781959.00455364
767,62,2005-12-23 00:03:06,1231594.04004174,5781973.8945596
767,63,2005-12-24 00:02:40,1231927.6311598,5781636.76787146
767,64,2005-12-24 06:02:20,1231536.43220525,5782011.67265249
767,65,2005-12-24 18:01:48,1231456.43801917,5782061.96889533
767,66,2005-12-25 00:00:54,1231614.92357821,5781978.9113272
767,67,2005-12-25 06:02:24,1231557.43819316,5781973.49385943
767,68,2005-12-25 18:01:48,1231579.07870217,5781983.12669641
767,69,2005-12-26 00:02:38,1231699.19243274,5782059.17999485
767,70,2005-12-26 18:02:21,1231649.22111332,5781721.29676864
767,71,2005-12-27 00:03:05,1231829.48076476,5781709.08378374
767,72,2005-12-27 06:02:09,1231773.75422767,5781688.9211762
767,73,2005-12-27 18:02:44,1231771.39425447,5781629.55554554
767,74,2005-12-28 00:02:40,1231548.5771617,5781500.69631127
767,75,2005-12-28 06:01:52,1231623.36159561,5781469.82807128
767,76,2005-12-29 00:02:48,1231983.31316909,5781258.76976075
767,77,2005-12-29 06:01:57,1231761.38663224,5781397.40192181
767,78,2005-12-29 12:03:10,1231955.03801843,5781566.359794
767,79,2005-12-29 18:02:45,1231660.97645155,5781420.52886209
767,80,2005-12-30 00:01:45,1231567.54600292,5781364.30630141
767,81,2005-12-30 06:01:42,1231628.88304235,5781463.60956035
767,82,2005-12-30 12:02:52,1231668.50164912,5781327.18806735
767,83,2005-12-30 18:00:53,1231888.70273386,5781516.6593685
767,84,2005-12-31 00:02:12,1231934.06542636,5781608.25517723
767,85,2005-12-31 12:01:49,1231997.18357764,5781631.4467771
767,86,2005-12-31 18:02:20,1231984.09240553,5781665.39284954
767,87,2006-01-01 12:02:52,1231957.15308875,5781627.96883462
767,88,2006-01-02 06:01:51,1232048.12337663,5781368.42521693
767,89,2006-01-03 18:03:10,1231645.94832029,5781828.3293955
767,90,2006-01-04 06:02:02,1231919.24880214,5781668.26176341
767,91,2006-01-05 06:03:01,1231966.50392598,5781418.87808057
767,92,2006-01-06 06:02:42,1231952.76710082,5781497.69923445
767,93,2006-01-06 12:03:10,1231808.31892956,5781280.56611876
767,94,2006-01-07 18:03:13,1232131.44601549,5781411.16909521
767,95,2006-01-08 00:02:40,1231924.29157507,5781417.00292135
767,96,2006-01-08 06:01:47,1231983.92542629,5781366.46993384
767,97,2006-01-08 18:02:22,1231841.84836019,5781559.08341633
767,98,2006-01-09 00:02:56,1231727.22268052,5781900.13397844
767,99,2006-01-09 06:01:47,1231447.93321007,5781985.88351691
767,100,2006-01-09 12:02:12,1231396.51473727,5781754.16933521
767,101,2006-01-10 00:02:16,1231879.21831325,5781592.1316819
767,102,2006-01-10 06:01:26,1231685.63371876,5781672.3167103
767,103,2006-01-11 00:01:49,1232067.33712074,5781700.97385818
767,104,2006-01-11 12:03:07,1232045.5073686,5781584.79117386
767,105,2006-01-12 18:01:50,1231543.25609003,5781688.84103874
767,106,2006-01-13 00:01:47,1231438.81614377,5782105.61369932
767,107,2006-01-13 12:02:16,1231701.11825993,5782071.87430757
767,108,2006-01-13 18:02:42,1231902.66219801,5781846.88954223
767,109,2006-01-14 06:03:08,1231551.04845439,5781990.98043148
767,110,2006-01-14 12:02:30,1231457.2172556,5781898.80366503
767,111,2006-01-14 18:03:09,1231608.23327681,5781906.97788311
767,112,2006-01-15 00:02:36,1231481.57396019,5782035.60260115
767,113,2006-01-15 06:01:48,1231568.41429495,5782035.24998255
767,114,2006-01-15 12:01:32,1231732.2765854,5782082.83759228
767,115,2006-01-15 18:01:51,1231811.62511844,5782140.50725758
767,116,2006-01-16 00:01:52,1231625.22063111,5781984.12043393
767,117,2006-01-16 12:01:26,1231752.67031611,5782060.20579723
767,118,2006-01-20 06:03:01,1231610.71570146,5781971.20185484
767,119,2006-01-20 12:02:47,1231669.31428141,5781981.6841744
767,120,2006-01-20 18:01:52,1231781.91394635,5782115.4871038
767,121,2006-01-21 00:01:53,1231594.07343758,5781975.60955651
767,122,2006-01-21 18:02:25,1231567.82430165,5781988.44800186
767,123,2006-01-22 00:01:52,1231606.97536657,5781993.43272161
767,124,2006-01-22 06:03:06,1231295.33645209,5781879.81065801
767,125,2006-01-22 18:02:45,1231628.44889634,5781430.40150361
767,126,2006-01-23 06:03:09,1231829.97057052,5781786.78558096
767,127,2006-01-23 12:01:23,1231643.71079853,5781964.6624324
767,128,2006-01-24 00:01:50,1231606.79725538,5781971.53844289
767,129,2006-01-24 12:01:47,1231460.49004863,5782008.43498188
767,130,2006-01-24 18:02:25,1231569.27145503,5782002.98543996
767,131,2006-01-25 00:01:48,1231610.53759027,5781961.32861105
767,132,2006-01-25 06:01:47,1231596.61152197,5781975.20885627
767,133,2006-01-25 12:02:29,1231359.53440243,5781903.80436225
767,134,2006-01-25 18:01:51,1231445.72908415,5781470.77366997
767,135,2006-01-26 06:02:19,1231598.10320315,5781494.76626721
767,136,2006-01-26 12:00:48,1231453.52144851,5781484.14027926
767,137,2006-01-27 06:01:42,1231466.00036342,5781480.75855726
767,138,2006-01-27 12:01:17,1231811.26889607,5781373.61793805
767,139,2006-01-27 18:01:40,1232007.95930435,5781553.77839584
767,140,2006-01-28 12:03:08,1232233.57051634,5781597.85343583
767,141,2006-01-28 18:01:54,1232086.07219104,5781705.28526037
767,142,2006-01-29 06:02:52,1232146.70791768,5781695.71683531
767,143,2006-01-29 12:01:53,1232049.73750925,5781647.8267826
767,144,2006-01-29 18:01:57,1232136.53331622,5781649.31733255
767,145,2006-01-30 00:03:03,1231993.98870826,5782034.86530773
767,146,2006-01-30 06:00:48,1231996.34868146,5782054.62799825
767,147,2006-01-30 12:02:41,1231773.64290818,5782105.98234896
767,148,2006-01-31 06:01:51,1231560.68872229,5781971.71475092
767,149,2006-02-02 06:01:23,1232090.02403297,5781692.65558256
767,150,2006-02-02 12:02:57,1232125.22325595,5781607.58202872
767,151,2006-02-02 18:01:38,1232164.55243205,5781533.77641362
767,152,2006-02-03 00:01:50,1232144.6262432,5781534.24120275
767,153,2006-02-03 18:01:25,1232079.43754939,5782044.00133924
767,154,2006-02-04 00:01:42,1232082.16487691,5782059.46850176
767,155,2006-02-04 06:01:24,1232073.98289434,5782051.6788186
767,156,2006-02-04 12:02:22,1231674.212339,5782008.5792345
767,157,2006-02-04 18:01:42,1231561.86870889,5781777.84214635
767,158,2006-02-05 00:03:03,1231701.46335035,5781741.39533947
767,159,2006-02-05 06:01:02,1231628.49342414,5781981.15524972
767,160,2006-02-05 12:02:20,1231740.20253314,5781886.78276978
767,161,2006-02-05 18:03:00,1231880.10886918,5781613.65639445
767,162,2006-02-06 00:02:41,1231645.36945894,5781425.56134357
767,163,2006-02-06 06:01:18,1231649.94469001,5781411.85825579
767,164,2006-02-06 12:02:17,1231586.90446237,5781516.09841721
767,165,2006-02-06 18:00:41,1231586.71521924,5781669.54395986
767,166,2006-02-07 00:02:29,1231589.99914422,5781972.80465519
767,167,2006-02-07 06:00:55,1231603.14597608,5781975.89806069
767,168,2006-02-07 18:03:11,1231324.62461012,5782087.29343409
767,169,2006-02-08 00:02:09,1231620.13333038,5781948.90693197
767,170,2006-02-08 06:01:24,1231606.45216496,5781998.12893924
767,171,2006-02-08 12:01:17,1231582.21791181,5781813.13510742
767,172,2006-02-08 18:01:07,1232167.95880847,5781406.31291868
767,173,2006-02-09 00:01:47,1231664.83923788,5781434.23196327
767,174,2006-02-09 06:01:25,1231651.3250517,5781437.96626235
767,175,2006-02-09 12:02:24,1231640.99460295,5781468.52987663
767,176,2006-02-10 00:01:31,1231652.80560092,5781831.64713909
767,177,2006-02-10 06:03:00,1232109.70531894,5781720.36717077
767,178,2006-02-11 00:03:04,1231557.49385291,5781760.27585661
767,179,2006-02-11 06:01:12,1231551.32675312,5781748.73597718
767,180,2006-02-11 12:02:24,1231685.45560757,5781749.55338481
767,181,2006-02-13 18:01:51,1232064.50960567,5781678.7918072
767,182,2006-02-14 00:03:13,1232159.28702014,5781594.37550653
767,183,2006-02-14 06:00:57,1231974.40760982,5781458.8174634
767,184,2006-02-14 12:01:53,1231684.87674622,5781406.79372812
767,185,2006-02-14 18:01:01,1231639.48065788,5781228.79985599
767,186,2006-02-15 00:01:59,1231603.98087226,5781978.94338323
767,187,2006-02-15 06:02:11,1231571.99878256,5781996.42996602
767,188,2006-02-15 12:01:18,1231510.67287508,5781686.7254101
767,189,2006-02-15 18:01:53,1231526.01270091,5781553.93866832
767,190,2006-02-16 00:02:18,1231789.41688003,5781678.31098301
767,191,2006-02-16 06:01:24,1231888.44669903,5781733.75018395
767,192,2006-02-16 18:03:03,1232309.77983974,5781542.03043126
767,193,2006-02-17 00:02:11,1232047.04357757,5781661.56229
767,194,2006-02-21 06:01:24,1231871.3591572,5781714.51711747
767,195,2006-02-21 18:03:09,1232001.9591838,5782140.3309462
767,196,2006-02-22 00:02:23,1231987.67689313,5782095.83647519
767,197,2006-02-22 12:01:36,1231917.34523884,5782054.48374488
767,198,2006-02-22 18:02:57,1231529.99793868,5781988.5601981
767,199,2006-02-23 06:01:52,1231630.56396667,5781977.58100196
767,200,2006-02-23 12:01:54,1231559.08572162,5781768.94680367
767,201,2006-02-23 18:02:51,1231577.38664591,5781677.97440609
767,202,2006-02-24 06:02:49,1232043.09173565,5781544.93135967
767,203,2006-02-25 18:03:03,1232002.4823854,5781369.37080481
767,204,2006-02-26 00:03:12,1232257.30383178,5781346.74083103
767,205,2006-02-26 06:02:21,1232045.51850054,5781340.36213781
767,206,2006-02-26 18:03:06,1232073.52648443,5781676.17932942
767,207,2006-02-27 18:02:18,1231998.97582144,5782094.07337035
767,208,2006-02-28 06:01:12,1231770.20313591,5782437.42061082
767,209,2006-02-28 12:01:52,1231819.95181635,5782111.51209548
767,210,2006-02-28 18:00:55,1231767.50920424,5782099.17034713
767,211,2006-03-01 00:02:50,1231689.29613001,5782024.2547005
767,212,2006-03-01 06:02:26,1231646.92793181,5782060.8308956
767,213,2006-03-01 18:01:23,1231603.91408057,5781964.48612451
767,214,2006-03-02 00:02:10,1231753.27144137,5781697.81643858
767,215,2006-03-02 06:02:59,1231858.95816593,5781511.40245491
767,216,2006-03-02 12:00:54,1231575.54987431,5781329.17539546
767,217,2006-03-02 18:03:08,1231670.76143479,5781420.43270005
767,218,2006-03-03 12:01:53,1231367.8054406,5781423.91056111
767,219,2006-03-03 18:01:23,1231261.87381316,5781501.3213702
767,220,2006-03-04 00:01:43,1231240.34462364,5781228.59150942
767,221,2006-03-04 12:02:03,1231317.23299593,5781430.83423328
767,222,2006-03-05 00:02:15,1231498.48339084,5781415.2720055
767,223,2006-03-05 06:01:17,1231629.19473693,5781496.83376861
767,224,2006-03-05 12:02:21,1231861.84134073,5781727.27504691
767,225,2006-03-06 18:03:12,1232246.90659134,5781601.26725716
767,226,2006-03-07 00:03:05,1231740.15800535,5781337.49333005
767,227,2006-03-07 06:02:56,1231519.35579536,5781393.79585548
767,228,2006-03-07 18:02:53,1231956.74120664,5781387.28891283
767,229,2006-03-08 00:00:53,1231856.06385916,5781663.66188519
767,230,2006-03-08 06:01:27,1231854.53878214,5781614.37762548
767,231,2006-03-08 18:01:51,1231525.16667278,5781454.490154
767,232,2006-03-09 00:01:50,1231168.58807987,5781204.10280741
767,233,2006-03-09 06:03:04,1231147.54869611,5781261.59046289
767,234,2006-03-10 00:00:54,1231350.67337096,5781263.14505479
767,235,2006-03-10 06:02:57,1231298.49792563,5781455.56396761
767,236,2006-03-10 12:01:48,1231298.23075885,5781418.95821559
767,237,2006-03-10 18:01:54,1231561.94663254,5781612.96721818
767,238,2006-03-11 00:02:45,1231412.25531327,5781540.79633493
767,239,2006-03-11 06:02:33,1231243.1944026,5781167.83465116
767,240,2006-03-11 12:03:02,1231341.51177687,5781178.04356922
767,241,2006-03-12 00:01:50,1231654.01898338,5781842.16134918
767,242,2006-03-12 18:00:54,1231745.05606294,5781210.19292332
767,243,2006-03-13 00:03:06,1231244.14061827,5781079.19224766
767,244,2006-03-13 06:03:07,1231320.07164294,5781009.97454156
767,245,2006-03-13 12:02:26,1231373.17104005,5781244.50599665
767,246,2006-03-14 00:02:22,1231225.39441602,5781098.10340744
767,247,2006-03-14 12:02:09,1231587.88407389,5781248.0158421
767,248,2006-03-15 00:02:47,1231310.53156258,5780991.80077637
767,249,2006-03-15 18:02:24,1231845.87812576,5781266.86325508
767,250,2006-03-16 00:02:56,1231933.27505798,5781533.82449525
767,251,2006-03-17 06:01:51,1231883.23694687,5781589.95196709
767,252,2006-03-17 12:02:48,1231785.14221158,5781407.00207889
767,253,2006-03-18 00:03:03,1231526.30213159,5781992.29473068
767,254,2006-03-18 12:02:17,1231743.70909711,5781036.04931207
767,255,2006-03-18 18:01:54,1231176.61421516,5780707.46793565
767,256,2006-03-19 06:02:38,1231471.08766415,5781345.29841257
767,257,2006-03-19 12:03:06,1231622.19274096,5781433.28636848
767,258,2006-03-19 18:03:08,1231859.30325635,5781392.68999543
767,259,2006-03-20 00:02:54,1231896.68434136,5781699.48329955
767,260,2006-03-20 06:02:56,1231244.95325056,5782111.1113891
767,261,2006-03-20 12:03:01,1231587.38313619,5781711.05516993
767,262,2006-03-20 18:01:42,1231616.10356481,5781505.74486542
767,263,2006-03-21 00:00:55,1231607.39838063,5781504.63899141
767,264,2006-03-21 12:01:31,1231402.81542045,5781173.95679527
767,265,2006-03-22 06:01:52,1231872.19405338,5781209.32748554
767,266,2006-03-22 12:00:55,1231654.08577507,5781436.1391802
767,267,2006-03-22 18:01:52,1231659.99684003,5781440.35429135
767,268,2006-03-23 00:01:03,1231610.49306247,5781497.25047437
767,269,2006-03-23 06:03:08,1231623.18348443,5781482.44140454
767,270,2006-03-23 12:03:09,1231625.05365187,5781149.772748
767,271,2006-03-24 18:02:10,1231389.80217198,5781077.06073811
767,272,2006-03-25 12:01:02,1231951.75409345,5781063.66268982
767,273,2006-03-26 00:01:52,1231697.35566114,5781412.51536244
767,274,2006-03-26 06:02:00,1231708.23157539,5781444.07256596
767,275,2006-03-26 12:02:29,1231528.06097954,5781377.88110026
767,276,2006-03-27 06:02:22,1231620.36710131,5781713.52341016
767,277,2006-03-28 00:01:57,1231445.89606339,5781722.06609109
767,278,2006-03-28 06:01:46,1231508.83610348,5781691.75804269
767,279,2006-03-28 12:03:00,1231551.25996142,5781735.28883107
767,280,2006-03-28 18:02:17,1231528.91813962,5781763.08069068
767,281,2006-03-29 06:01:42,1231579.9024664,5781690.86050291
767,282,2006-03-29 12:02:22,1231596.8007651,5781688.74487379
767,283,2006-03-29 18:02:51,1231525.66761049,5781723.26815755
767,284,2006-03-30 00:00:54,1231576.16213151,5781729.10218906
767,285,2006-03-30 06:02:18,1231530.66585563,5781697.70424603
767,286,2006-03-31 06:01:47,1231533.48223874,5781424.56766866
767,287,2006-04-01 04:01:54,1231449.01300913,5781486.7206462
767,288,2006-04-01 08:02:17,1231579.95812615,5781333.45456315
767,289,2006-04-01 16:02:52,1231691.37780448,5781229.05628256
767,290,2006-04-01 20:02:41,1231364.52151562,5781120.66864072
767,291,2006-04-02 04:00:47,1231608.52270749,5781496.41706286
767,292,2006-04-02 08:01:47,1231482.19734933,5781431.41120621
767,293,2006-04-02 16:03:06,1232183.66598862,5781514.12707437
767,294,2006-04-02 20:01:51,1231695.99756335,5782379.95738758
767,295,2006-04-03 16:02:19,1231922.94460923,5781550.36459279
767,296,2006-04-03 20:03:03,1231852.16767699,5781290.29436348
767,297,2006-04-04 04:02:24,1231689.77480382,5781771.68752993
767,298,2006-04-04 08:00:54,1231540.46197082,5781184.99910255
767,299,2006-04-04 16:02:02,1231747.90584191,5781173.4599719
767,300,2006-04-05 00:03:06,1231466.76846791,5781590.89757859
767,301,2006-04-05 04:00:53,1231434.46355168,5781475.82220709
767,302,2006-04-05 08:00:55,1231427.86230588,5781464.66734798
767,303,2006-04-05 16:01:55,1231606.16273428,5781472.66486767
767,304,2006-04-06 16:02:10,1231795.1943616,5781588.71786409
767,305,2006-04-07 04:01:23,1231718.12787812,5781762.29533705
767,306,2006-04-07 08:01:17,1231705.93839388,5781194.903535
767,307,2006-04-07 16:01:53,1231845.9115216,5781315.64875164
767,308,2006-04-09 00:01:54,1231435.16486447,5781672.62123208
767,309,2006-04-09 12:03:01,1231922.97800508,5781495.45543429
767,310,2006-04-09 20:02:58,1231696.71000809,5781670.5857446
767,311,2006-04-10 00:02:31,1231697.90112665,5781745.46634741
767,312,2006-04-10 08:03:09,1231570.81879595,5781368.77780901
767,313,2006-04-10 20:02:47,1231523.34103313,5781699.67562969
767,314,2006-04-11 00:01:09,1231546.57341086,5781749.02447398
767,315,2006-04-11 16:03:05,1231894.48021544,5781806.93238338
767,316,2006-04-11 20:01:44,1231933.18600239,5781647.28185043
767,317,2006-04-12 08:02:24,1231903.64180953,5781447.51838219
767,318,2006-04-12 16:01:52,1231639.06877576,5781428.35004473
767,319,2006-04-12 20:03:01,1231966.94920394,5781384.35598212
767,320,2006-04-13 00:02:18,1231727.4898473,5781820.66813728
767,321,2006-04-13 04:02:19,1231627.34683338,5781847.37037557
767,322,2006-04-13 16:02:23,1231273.12821368,5781194.24644448
767,323,2006-04-13 20:01:51,1231542.88873571,5781528.53551708
767,324,2006-04-14 08:02:19,1231709.31137445,5781751.74916647
767,325,2006-04-14 20:03:04,1231859.67061067,5781420.35256502
767,326,2006-04-15 04:02:55,1231677.42947229,5781660.68078072
767,327,2006-04-15 08:01:12,1231775.81363825,5781190.22376942
767,328,2006-04-15 20:02:59,1232004.75330302,5781244.23354296
767,329,2006-04-16 00:02:55,1231702.92163568,5781795.26422174
767,330,2006-04-16 20:01:04,1231713.75302213,5781756.73375313
767,331,2006-04-17 04:02:52,1231722.25783123,5781555.89399275
767,332,2006-04-17 08:03:03,1231728.16889619,5781648.7884277
767,333,2006-04-17 16:02:54,1231693.5819304,5781348.90445917
767,334,2006-04-17 20:02:58,1231711.88285469,5781719.00482925
767,335,2006-04-18 08:02:38,1232105.45291439,5781393.15477717
767,336,2006-04-19 00:02:11,1231743.28608304,5781596.09043003
767,337,2006-04-19 12:01:59,1231656.42348438,5781312.42736202
767,338,2006-04-19 20:02:58,1232101.91295458,5782084.72892054
767,339,2006-04-20 04:02:35,1232080.99602226,5782103.03315223
767,340,2006-04-20 08:02:12,1232088.62140738,5782783.04130529
767,341,2006-04-20 12:03:08,1232061.7266184,5782815.70942536
767,342,2006-04-20 16:02:03,1231226.83043745,5783097.22448529
767,343,2006-04-20 20:01:52,1231099.90395405,5783213.5552356
767,344,2006-04-21 00:02:43,1229916.8894615,5782522.69447661
767,345,2006-04-21 04:01:10,1230578.49459112,5782953.09958384
767,346,2006-04-21 08:02:49,1231313.82661951,5783498.52954487
767,347,2006-04-21 16:01:23,1231119.47392053,5783192.60372552
767,348,2006-04-21 20:01:40,1230484.77471183,5783003.51337753
767,349,2006-04-22 00:00:52,1230448.32871054,5782912.59242857
767,350,2006-04-22 04:00:55,1231061.7881604,5783179.04217768
767,351,2006-04-22 08:02:24,1231448.74584235,5783336.2195462
767,352,2006-04-22 16:02:55,1231263.77737645,5783002.27907773
767,353,2006-04-22 20:01:23,1230712.91287626,5782864.42329809
767,354,2006-04-23 00:00:55,1230495.14968837,5782929.07097989
767,355,2006-04-23 04:01:17,1230424.74011044,5782996.52435754
767,356,2006-04-23 08:01:55,1230884.65658665,5783548.0006204
767,357,2006-04-23 12:02:27,1230768.41677437,5783387.91796394
767,358,2006-04-23 16:01:54,1230538.20806741,5783530.04608278
767,359,2006-04-23 20:02:23,1231326.51704146,5783113.99192107
767,360,2006-04-24 00:01:54,1230462.02100791,5782846.35793795
767,361,2006-04-24 08:01:54,1231362.17267436,5783407.25084507
767,362,2006-04-24 20:02:22,1230324.36332559,5782792.22619636
767,363,2006-04-25 00:00:55,1230332.52304427,5782804.31243751
767,364,2006-04-25 04:01:41,1230341.27275624,5783187.02521397
767,365,2006-04-25 12:02:26,1230547.46984904,5783482.13008855
767,366,2006-04-25 16:02:20,1230667.31641283,5783551.17472995
767,367,2006-04-25 20:01:54,1230071.18940768,5783032.73587634
767,368,2006-04-26 00:01:59,1230229.79741817,5783140.66599516
767,369,2006-04-26 04:02:17,1230455.80938032,5783244.31733594
767,370,2006-04-26 08:02:39,1230547.3696615,5783521.02073519
767,371,2006-04-26 16:02:23,1230534.31188523,5783665.10677809
767,372,2006-04-26 20:01:47,1230109.59463201,5782906.38893519
767,373,2006-04-27 00:02:11,1230106.76711694,5782835.40973849
767,374,2006-04-27 04:00:55,1230487.92505342,5783195.66549628
767,375,2006-04-27 16:02:39,1230609.87555558,5783492.8386255
767,376,2006-04-29 00:02:55,1229742.90822933,5783009.86120781
767,377,2006-04-29 04:01:20,1230529.36929984,5783242.57003296
767,378,2006-04-29 08:02:46,1230745.38477172,5783559.86345986
767,379,2006-04-29 16:02:05,1230618.83677459,5783492.67831797
767,380,2006-04-29 20:02:28,1230278.84478581,5782649.82138111
767,381,2006-04-30 00:02:47,1230968.30205204,5783213.74759859
767,382,2006-04-30 12:01:23,1231389.4904774,5783246.17685142
767,383,2006-04-30 16:01:42,1231388.00992817,5783266.96818468
767,384,2006-04-30 20:01:54,1230985.75694819,5783100.97551502
767,385,2006-05-01 00:01:49,1230100.52209351,5782743.78522016
767,386,2006-05-01 08:02:29,1230767.16999607,5783522.72000065
767,387,2006-05-01 12:02:11,1230561.81893141,5783575.55770024
767,388,2006-05-01 16:02:29,1230628.84439681,5783596.14140389
767,389,2006-05-01 20:01:36,1230086.08395555,5782756.60874865
767,390,2006-05-02 00:02:07,1230130.34458509,5782948.57918773
767,391,2006-05-02 04:01:54,1230655.83937333,5783260.39574561
767,392,2006-05-02 12:02:03,1230584.40565609,5783826.1242595
767,393,2006-05-02 16:03:03,1230611.97949396,5783675.9277537
767,394,2006-05-02 20:02:58,1230143.43575721,5782706.80547375
767,395,2006-05-03 00:00:48,1230383.91925317,5782880.00409968
767,396,2006-05-03 04:01:19,1230942.15310365,5783121.59017679
767,397,2006-05-03 12:03:06,1230516.85698907,5783561.75510329
767,398,2006-05-03 16:02:09,1230590.23879741,5783542.11729916
767,399,2006-05-03 20:00:55,1230103.6279073,5782752.6975705
767,400,2006-05-04 00:01:41,1230403.12186533,5782871.17176949
767,401,2006-05-04 04:03:08,1230588.03467149,5783300.82433827
767,402,2006-05-04 12:02:48,1230551.86696893,5783522.15892239
767,403,2006-05-04 16:00:53,1230601.1481075,5783498.44939105
767,404,2006-05-04 20:02:13,1230155.46939416,5782762.90831382
767,405,2006-05-05 00:02:19,1230144.04801441,5782657.21085881
767,406,2006-05-05 04:03:01,1230503.06450416,5783462.36421523
767,407,2006-05-05 16:01:24,1231194.87061165,5783423.97077543
767,408,2006-05-05 20:00:47,1230883.75489878,5783030.31535851
767,409,2006-05-06 00:00:54,1230391.86746481,5782850.46151253
767,410,2006-05-06 12:01:45,1230523.55842242,5783705.36087421
767,411,2006-05-06 16:01:56,1230532.48624558,5783560.15201561
767,412,2006-05-06 20:01:43,1230388.04920628,5783249.57527727
767,413,2006-05-07 00:02:22,1230373.37729739,5783144.11247093
767,414,2006-05-07 08:02:54,1231024.30688786,5783376.68054579
767,415,2006-05-07 12:02:24,1230946.88418201,5783348.16225468
767,416,2006-05-07 20:00:42,1230639.2750331,5782910.52459696
767,417,2006-05-08 00:01:22,1230443.80913921,5783092.96049616
767,418,2006-05-08 04:01:26,1230711.36553534,5783116.92542409
767,419,2006-05-08 08:02:39,1230785.17035773,5783409.68749643
767,420,2006-05-08 12:02:11,1231020.58881686,5783377.59428682
767,421,2006-05-08 16:03:01,1230600.07944039,5783462.05963196
767,422,2006-05-08 20:01:38,1230677.32403505,5782983.37988532
767,423,2006-05-09 00:02:04,1230405.00316472,5783529.24454177
767,424,2006-05-09 12:02:51,1231034.92676728,5783362.46146506
767,425,2006-05-09 16:02:24,1231077.20590988,5783360.77826085
767,426,2006-05-10 16:01:23,1231159.50440942,5783433.94183233
767,427,2006-05-10 20:00:53,1230967.94582967,5783063.81794871
767,428,2006-05-11 00:03:06,1230562.87646657,5783258.35989352
767,429,2006-05-11 08:01:52,1230507.16106143,5783583.04413521
767,430,2006-05-11 12:01:54,1230759.92309722,5783691.49395068
767,431,2006-05-11 20:01:43,1230815.48265507,5782967.44624634
767,432,2006-05-12 00:00:53,1230647.41248788,5783071.20777153
767,433,2006-05-12 04:01:55,1230729.55514013,5783208.15304349
767,434,2006-05-12 12:01:35,1230446.83702937,5783748.1160224
767,435,2006-05-12 16:03:01,1230507.65086719,5783618.69696583
767,436,2006-05-12 20:02:11,1230534.28962133,5782869.69704371
767,437,2006-05-13 00:01:24,1230487.5131713,5782925.30399318
767,438,2006-05-13 04:03:03,1230473.15295699,5783459.22219888
767,439,2006-05-13 08:01:53,1230583.93811423,5783716.80711414
767,440,2006-05-13 12:02:35,1230655.17145638,5783385.93017425
767,441,2006-05-13 20:00:48,1230599.45605124,5782897.89320194
767,442,2006-05-14 00:01:24,1230405.21467176,5782830.82528417
767,443,2006-05-14 04:01:12,1230998.62548133,5783212.75372321
767,444,2006-05-14 08:02:33,1231098.08944635,5783402.84243148
767,445,2006-05-14 12:01:48,1231117.94884351,5783365.58741659
767,446,2006-05-14 16:02:08,1231358.72177015,5783432.37082905
767,447,2006-05-16 00:01:13,1230335.8181012,5783128.77165654
767,448,2006-05-16 04:01:18,1230664.57795336,5783101.16787555
767,449,2006-05-16 12:01:01,1230969.55996228,5783538.0775277
767,450,2006-05-17 00:01:13,1230654.85976181,5782936.65304735
767,451,2006-05-17 04:02:53,1230715.37303701,5783314.4181333
767,452,2006-05-17 20:01:23,1230450.75547544,5783088.80871925
767,453,2006-05-18 00:01:53,1230106.57787381,5783015.61593666
767,454,2006-05-19 00:01:54,1230076.02067358,5782560.33064671
767,455,2006-05-19 04:01:24,1230385.22169121,5782780.25217794
767,456,2006-05-21 20:01:23,1230734.59791307,5783151.26190865
767,457,2006-05-22 00:01:20,1230564.8802174,5782900.76251471
767,458,2006-05-22 04:01:53,1230442.7404721,5783291.99158876
767,459,2006-05-22 08:01:54,1230482.6596415,5783760.18753576
767,460,2006-05-22 12:02:24,1230794.16497259,5783744.25250034
767,461,2006-05-22 16:01:59,1230705.22069945,5783171.74844599
767,462,2006-05-22 20:01:11,1230681.15342553,5783040.97525984
767,463,2006-05-23 00:01:38,1230268.35848977,5782774.03274772
767,464,2006-05-23 04:03:07,1230688.90126209,5783203.21573132
767,465,2006-05-23 12:01:50,1230596.79551541,5783621.48635701
767,466,2006-05-23 20:01:58,1230470.13619879,5782865.7377268
767,467,2006-05-24 00:01:49,1230084.61453827,5782505.94418823
767,468,2006-05-24 08:00:55,1231089.85180403,5783385.01643236
767,469,2006-05-24 12:03:08,1231066.15188444,5783399.42791628
767,470,2006-05-24 20:01:56,1230762.62816085,5783147.41467688
767,471,2006-05-25 00:00:47,1230649.5052943,5783064.90798726
767,472,2006-05-25 04:03:11,1230876.83082645,5783192.21900047
767,473,2006-05-25 08:03:11,1230397.73400198,5783963.20944844
767,474,2006-05-25 12:01:51,1230269.50508053,5784219.63866996
767,475,2006-05-25 20:02:11,1230562.4311886,5782881.30250105
767,476,2006-05-26 00:01:48,1230351.90376762,5782966.85314363
767,477,2006-05-26 04:00:52,1230768.32771878,5783223.71841901
767,478,2006-05-26 20:01:53,1230696.08136925,5783044.03697823
767,479,2006-05-27 00:01:24,1230566.66132926,5782842.67113428
767,480,2006-05-27 04:02:54,1230479.43137627,5783353.19583059
767,481,2006-05-27 20:02:11,1230530.60494619,5782835.28150198
767,482,2006-05-28 00:01:55,1230435.32659402,5782941.68638959
767,483,2006-05-28 04:03:01,1230660.3923405,5783328.89362426
767,484,2006-05-28 20:01:52,1230557.55539491,5782888.72423104
767,485,2006-05-29 00:00:54,1229406.31148502,5783030.36344826
767,486,2006-05-29 04:01:42,1230528.54553561,5783492.96687153
767,487,2006-05-29 08:02:51,1230662.42948718,5784118.15625916
767,488,2006-05-29 12:02:48,1231160.90703501,5783231.63737441
767,489,2006-05-29 16:02:48,1230945.91570244,5783325.92799019
767,490,2006-05-29 20:02:11,1230544.10800042,5783019.35090195
767,491,2006-05-30 00:00:49,1230661.06025745,5783048.31697377
767,492,2006-05-30 04:03:04,1230685.26111474,5783324.99822404
767,493,2006-05-30 12:01:46,1230380.30136972,5783763.16934638
767,494,2006-05-30 16:02:38,1230385.51112189,5783630.75227194
767,495,2006-05-31 00:02:54,1230446.34722361,5782767.01184977
767,496,2006-05-31 04:02:30,1230475.21236757,5783261.1010803
767,497,2006-05-31 08:02:39,1230754.86919234,5783505.95179167
767,498,2006-05-31 12:01:23,1230628.58836198,5783487.42023243
767,499,2006-05-31 16:02:21,1230651.52017708,5783485.40035894
767,500,2006-06-01 04:01:56,1230757.46293647,5783322.59365685
767,501,2006-06-01 16:02:05,1230747.32173086,5783582.43496039
767,502,2006-06-01 20:02:57,1230421.30033818,5782667.06884841
767,503,2006-06-02 12:01:23,1230626.26178463,5783477.8338528
767,504,2006-06-02 16:02:37,1230630.98173104,5783494.85850069
767,505,2006-06-02 20:01:56,1230691.32802699,5783310.506709
767,506,2006-06-03 04:02:42,1230694.24459765,5783277.21158114
767,507,2006-06-03 12:02:25,1230644.1285629,5783547.0227384
767,508,2006-06-03 16:01:48,1230597.95323812,5783536.73093763
767,509,2006-06-03 20:01:43,1230100.73360054,5782954.75065108
767,510,2006-06-04 00:03:07,1230443.13009032,5782880.9498488
767,511,2006-06-04 04:03:05,1230758.15311732,5783434.77542602
767,512,2006-06-04 12:01:24,1230757.52972817,5783521.13295082
767,513,2006-06-04 16:02:18,1230685.46148983,5783604.50955877
767,514,2006-06-04 20:02:12,1230971.7418243,5783109.67983369
767,515,2006-06-05 04:02:43,1230445.93534149,5783330.81727933
767,516,2006-06-05 08:01:47,1230283.29756544,5783858.15496752
767,517,2006-06-05 12:03:01,1230409.07745809,5783572.27136568
767,518,2006-06-06 00:01:42,1230278.19913276,5782790.94383753
767,519,2006-06-06 04:01:24,1229423.06506839,5783075.45572019
767,520,2006-06-06 08:03:02,1230363.72589754,5783120.33983046
767,521,2006-06-06 20:00:54,1230471.7503314,5783145.31473024
767,522,2006-06-07 00:00:54,1230755.26994251,5783145.667393
767,523,2006-06-07 12:02:22,1230653.75769885,5783421.18144641
767,524,2006-06-07 20:01:24,1230473.94332537,5783083.0860029
767,525,2006-06-08 00:00:54,1230372.49787341,5783155.92667943
767,526,2006-06-08 04:00:55,1230430.6734393,5782888.03495564
767,527,2006-06-08 20:01:18,1230484.76357988,5782896.09787822
767,528,2006-06-09 00:01:26,1230243.90159765,5782851.1828442
767,529,2006-06-09 04:01:58,1230501.63961468,5782825.63170942
767,530,2006-06-09 12:01:59,1230636.54770557,5783219.14979411
767,531,2006-06-09 20:00:54,1230052.88848339,5782794.61459019
767,532,2006-06-10 00:01:42,1230255.22278986,5783164.83944415
767,533,2006-06-10 12:01:45,1230611.33384091,5783229.60152892
767,534,2006-06-10 16:02:46,1230632.86303043,5783454.92597424
767,535,2006-06-10 20:01:11,1230456.82238769,5782921.12023535
767,536,2006-06-11 00:01:25,1230176.30840284,5782955.27963385
767,537,2006-06-11 04:00:54,1230082.69984303,5782968.0874385
767,538,2006-06-11 08:02:15,1230193.17330569,5782713.02485681
767,539,2006-06-11 16:02:25,1230632.07266204,5783305.40903568
767,540,2006-06-11 20:01:54,1230457.18974201,5782818.88327269
767,541,2006-06-12 00:01:39,1230062.10573723,5782763.99831537
767,542,2006-06-12 04:02:00,1230439.62352636,5782894.46285158
767,543,2006-06-12 16:01:48,1230428.91459135,5782806.41230337
767,544,2006-06-12 20:01:48,1230272.17674831,5782825.61567987
767,545,2006-06-13 00:00:54,1230300.21812804,5782872.11751768
767,546,2006-06-13 04:01:23,1229653.58546992,5783419.70662912
767,547,2006-06-13 12:02:34,1230659.69102771,5783460.72908413
767,548,2006-06-13 16:01:11,1230565.98228036,5782882.80928806
767,549,2006-06-13 20:00:54,1230405.62655387,5782871.04353246
767,550,2006-06-14 00:01:12,1230362.69062627,5783141.72398293
767,551,2006-06-14 12:02:17,1230865.73227322,5783428.82805737
767,552,2006-06-14 20:02:29,1230398.39078697,5782827.84378718
767,553,2006-06-15 00:01:24,1230468.07678821,5783143.95216971
767,554,2006-06-15 12:02:12,1230654.20297681,5783437.78918847
767,555,2006-06-15 20:01:53,1230328.37082726,5782820.79078754
767,556,2006-06-16 00:00:42,1230324.61936042,5782927.98095804
767,557,2006-06-16 04:03:01,1230742.55725666,5783203.10351972
767,558,2006-06-16 16:01:28,1230461.53120215,5782860.76854613
767,559,2006-06-16 20:01:53,1230188.92090115,5782782.27189076
767,560,2006-06-17 00:03:00,1230360.74253518,5782906.74158844
767,561,2006-06-17 04:01:24,1230279.83552928,5783002.1508388
767,562,2006-06-17 20:01:50,1230256.5920196,5782850.39739416
767,563,2006-06-18 00:02:23,1230329.35043878,5782831.29014132
767,564,2006-06-18 04:02:19,1230261.85743151,5782358.57507268
767,565,2006-06-18 08:01:49,1230108.00276329,5782789.29280079
767,566,2006-06-18 16:02:53,1230762.5502372,5783376.68054579
767,567,2006-06-18 20:01:24,1230520.46374057,5782848.68222801
767,568,2006-06-19 00:01:24,1230284.67792713,5782906.62938059
767,569,2006-06-19 08:02:21,1230514.44135612,5783676.03997129
767,570,2006-06-19 12:01:15,1230602.26130241,5783622.81692897
767,571,2006-06-19 16:02:10,1230549.07284971,5783421.14938516
767,572,2006-06-19 20:01:47,1230201.97867742,5782938.7048553
767,573,2006-06-20 00:00:53,1229870.59168527,5782737.42155103
767,574,2006-06-20 12:03:05,1230865.19793966,5783449.10683747
767,575,2006-06-20 16:02:24,1230669.87676112,5783266.98421502
767,576,2006-06-20 20:00:56,1230149.24663463,5782734.92096694
767,577,2006-06-21 00:01:24,1230272.07656077,5782859.50220699
767,578,2006-06-21 16:02:26,1230710.15215289,5783363.4393267
767,579,2006-06-21 20:02:04,1230065.79041238,5782750.3572762
767,580,2006-06-22 00:00:53,1229937.83978966,5782682.93783031
767,581,2006-06-22 20:00:55,1230337.99996322,5782874.02504398
767,582,2006-06-23 00:02:09,1230785.39299671,5783026.38802968
767,583,2006-06-23 04:03:03,1230325.77708313,5782389.55860872
767,584,2006-06-23 20:02:55,1230037.7601646,5782818.27415038
767,585,2006-06-24 00:01:49,1230371.39581045,5782838.32711975
767,586,2006-06-24 08:01:50,1230713.92588362,5783332.91726992
767,587,2006-06-24 20:01:24,1230066.62530856,5782522.9990276
767,588,2006-06-25 12:03:08,1231022.62596354,5783413.7753012
767,589,2006-06-25 16:02:08,1230403.4558238,5783068.72312326
767,590,2006-06-25 20:00:51,1230434.9369758,5782861.13722718
767,591,2006-06-26 00:01:24,1230401.39641322,5782882.66502121
767,592,2006-06-26 20:01:24,1230428.23554245,5782846.55029297
767,593,2006-06-27 00:01:46,1230354.30826862,5782881.17426386
767,594,2006-06-27 04:01:58,1230419.97563624,5782889.38144717
767,595,2006-06-27 16:02:16,1230095.7798832,5782736.33155275
767,596,2006-06-27 20:02:08,1230119.3907472,5782826.89804372
767,597,2006-06-28 00:01:38,1229939.76561685,5783022.89350997
767,598,2006-06-28 20:02:15,1230402.8435666,5782853.13845479
767,599,2006-06-29 04:01:53,1230336.01847628,5782769.76891406
767,600,2006-06-29 20:00:55,1230547.3696615,5782872.37399178
767,601,2006-06-30 00:01:51,1230454.56260203,5782873.49606606
767,602,2006-06-30 04:02:23,1230448.42889808,5782886.70449397
767,603,2006-06-30 08:01:47,1230448.39550223,5782893.99799111
767,604,2006-06-30 20:00:49,1230371.90788011,5782837.63784827
767,605,2006-07-01 00:00:47,1230363.10250839,5782854.40479302
767,606,2006-07-01 04:01:56,1230646.52193195,5783114.77739446
767,607,2006-07-01 12:01:24,1230603.46355291,5783223.54208607
767,608,2006-07-01 20:01:47,1230466.50718339,5782859.5182366
767,609,2006-07-02 00:00:53,1230394.3610214,5782941.01313982
767,610,2006-07-02 08:02:17,1230118.05491331,5782798.78225881
767,611,2006-07-02 20:01:24,1230372.6759846,5782863.28519535
767,612,2006-07-03 00:01:55,1230372.77617214,5782838.4072676
767,613,2006-07-03 04:02:54,1230596.9290988,5783159.7739149
767,614,2006-07-03 20:00:55,1230370.73902546,5782851.15078501
767,615,2006-07-04 04:01:41,1230518.64923287,5782899.06336849
767,616,2006-07-04 12:02:12,1230595.64892466,5783206.90268496
767,617,2006-07-04 16:02:32,1230673.00483881,5783261.30947465
767,618,2006-07-04 20:01:35,1230399.50398188,5782854.22846743
767,619,2006-07-05 00:01:41,1230379.21043871,5782851.9682943
767,620,2006-07-06 08:01:27,1230507.73992278,5782873.78459946
767,621,2006-07-06 12:02:24,1230485.47602462,5782826.64157094
767,622,2006-07-06 16:02:56,1230475.02312443,5782835.28150198
767,623,2006-07-06 20:00:53,1229868.99981655,5782705.71547923
767,624,2006-07-07 04:01:23,1230367.56641997,5782775.73186998
767,625,2006-07-07 08:01:54,1230516.30039162,5782805.65891633
767,626,2006-07-07 20:01:49,1230148.89041226,5782940.56430667
767,627,2006-07-08 00:00:53,1230109.21614574,5782558.37510072
767,628,2006-07-08 04:01:42,1230251.96112878,5782886.14345598
767,629,2006-07-09 20:01:48,1229954.59337303,5782623.61363026
767,630,2006-07-10 00:00:54,1230276.89669472,5782846.64647047
767,631,2006-07-10 08:03:11,1230492.01047873,5782822.3135938
767,632,2006-07-10 12:02:19,1230486.08828182,5782811.07689267
767,633,2006-07-10 20:01:54,1230415.40040516,5782889.52571413
767,634,2006-07-11 00:02:54,1230351.72565643,5782901.90062227
767,635,2006-07-11 04:01:38,1230801.81262161,5783105.06317742
767,636,2006-07-11 12:01:48,1230609.24103448,5783227.90231966
767,637,2006-07-11 20:01:49,1230405.3593871,5782861.0250199
767,638,2006-07-12 00:01:42,1230375.1027495,5782773.32745178
767,639,2006-07-12 04:03:06,1230184.71302439,5782755.55080685
767,640,2006-07-12 08:02:41,1230593.66743772,5783195.61740563
767,641,2006-07-12 12:02:26,1230690.12577649,5783349.18820623
767,642,2006-07-13 00:01:24,1230375.55915941,5782834.28766903
767,643,2006-07-13 20:03:10,1230430.91834218,5782889.34938784
767,644,2006-07-14 00:01:11,1230229.07384147,5782824.23713893
767,645,2006-07-14 04:02:11,1230831.04511989,5783037.35249494
767,646,2006-07-14 16:02:40,1230550.57566284,5783312.67081649
767,647,2006-07-14 20:01:47,1230370.839213,5782798.23725588
767,648,2006-07-15 04:01:24,1230361.31026459,5782774.04877717
767,649,2006-07-15 08:02:57,1230701.90337862,5783353.19583059
767,650,2006-07-15 12:02:14,1230654.78183817,5783278.34973704
767,651,2006-07-16 20:01:07,1230495.94005675,5783140.52172412
767,652,2006-07-17 00:00:55,1230368.90225386,5783005.22857365
767,653,2006-07-17 08:03:01,1230629.87966808,5783360.63398622
767,654,2006-07-17 20:01:49,1230241.63068004,5782856.61687797
767,655,2006-07-18 04:02:07,1230070.43243515,5783103.49223243
767,656,2006-07-19 00:01:41,1230658.47764526,5783541.3317879
767,657,2006-07-19 04:00:54,1230473.44238766,5783160.15863854
767,658,2006-07-19 20:01:21,1229889.59392235,5783017.21892586
767,659,2006-07-20 00:01:28,1229761.54311209,5782844.24203305
767,660,2006-07-20 04:00:54,1229913.75025185,5782995.69080506
767,661,2006-07-22 20:02:07,1230637.76108802,5783368.69733869
767,662,2006-07-23 00:01:57,1230452.03564958,5783284.84203753
767,663,2006-07-23 08:02:23,1230719.93713613,5783501.35095977
767,664,2006-07-24 08:02:52,1230660.03611813,5783636.26693871
767,665,2006-07-24 16:03:05,1230686.41883745,5783258.13546891
767,666,2006-07-25 00:03:05,1230637.62750463,5783516.01912557
767,667,2006-07-25 08:02:18,1230681.01984215,5783586.49078299
767,668,2006-07-26 00:01:52,1230701.34678116,5783577.44934702
767,669,2006-07-28 12:01:50,1230755.9712553,5783509.15794772
767,670,2006-07-29 00:02:22,1230705.74390105,5783704.44709939
767,671,2006-07-29 08:02:55,1230689.69163048,5783615.9236065
767,672,2006-07-29 12:02:27,1230701.38017701,5783571.14920294
767,673,2006-07-30 00:02:41,1230710.96478517,5783647.40849977
767,674,2006-07-30 20:01:19,1230687.14241414,5783602.31331812
767,675,2006-07-31 00:01:23,1230683.49113484,5783594.65052655
767,676,2006-07-31 12:02:45,1230593.03291662,5783503.09831377
767,677,2006-07-31 16:02:53,1230621.63089381,5783372.56069705
767,678,2006-08-02 16:03:04,1230730.26758487,5783687.08539573
767,679,2006-08-02 20:02:57,1230355.88900539,5783271.47271281
767,680,2006-08-03 00:02:12,1230544.15252822,5783275.51236276
767,681,2006-08-03 04:02:26,1230730.95776572,5783224.69626534
767,682,2006-08-03 12:02:59,1230612.43590387,5783534.90342285
767,683,2006-08-04 00:01:53,1230190.6574852,5782610.91852742
767,684,2006-08-06 12:02:15,1230658.6223606,5783624.45208997
767,685,2006-08-07 04:02:18,1230459.53858326,5783999.79364514
767,686,2006-08-07 08:02:01,1230797.39323782,5783721.69661889
767,687,2006-08-07 20:01:52,1230730.34550852,5783633.73403901
767,688,2006-08-08 08:01:53,1230692.50801359,5783607.50734797
767,689,2006-08-08 12:03:01,1230734.37527408,5783554.60533447
767,690,2006-08-08 20:01:24,1230705.56578986,5783727.61212169
767,691,2006-08-09 20:01:55,1230403.60053914,5783841.12962182
767,692,2006-08-10 12:03:04,1230443.24140981,5783607.26688356
767,693,2006-08-11 00:02:22,1230380.20118218,5783753.85519934
767,694,2006-08-11 04:01:32,1230385.03244807,5783387.83781113
767,695,2006-08-11 08:01:51,1230628.47704249,5783231.95798004
767,696,2006-08-11 12:01:42,1230368.03396183,5783589.88933932
767,697,2006-08-11 20:03:08,1230806.94445013,5783123.11303473
767,698,2006-08-12 00:01:18,1230366.58680845,5783041.71263695
767,699,2006-08-12 04:02:24,1230610.58800032,5783565.55442226
767,700,2006-08-12 20:02:14,1230699.7883083,5783699.50951077
767,701,2006-08-13 04:03:10,1230700.56754473,5783649.49253433
767,702,2006-08-13 08:01:51,1230673.56143626,5783644.66719352
767,703,2006-08-13 16:02:25,1230644.0617712,5783600.66213026
767,704,2006-08-13 20:01:15,1230355.18769259,5783241.96088154
767,705,2006-08-14 00:03:04,1230462.7223207,5783189.25341212
767,706,2006-08-14 12:02:53,1230738.42730355,5783525.0925605
767,707,2006-08-14 20:01:55,1230356.44560284,5783275.51236276
767,708,2006-08-15 04:03:06,1230580.6207934,5783565.26586633
767,709,2006-08-15 20:00:54,1230221.45958831,5783043.31563087
767,710,2006-08-16 00:31:23,1230404.61354651,5783234.28237121
767,711,2006-08-16 01:00:54,1230300.19586414,5783010.85506043
767,712,2006-08-16 01:31:58,1230222.31674838,5783040.07758345
767,713,2006-08-16 02:01:08,1230287.71694922,5783031.24509376
767,714,2006-08-16 02:33:07,1230510.90139632,5783303.35714284
767,715,2006-08-16 04:32:32,1230441.97236762,5783437.42048343
767,716,2006-08-16 05:00:30,1230463.21212646,5783348.17828517
767,717,2006-08-16 05:32:28,1230660.74856287,5783270.70325588
767,718,2006-08-16 06:00:46,1230731.52549512,5783270.07807218
767,719,2006-08-16 07:01:12,1230756.78388758,5783303.66172065
767,720,2006-08-16 07:32:28,1230774.01614476,5783314.03340296
767,721,2006-08-16 08:01:18,1230770.18675427,5783294.49233002
767,722,2006-08-16 08:33:07,1230781.54134233,5783269.29258503
767,723,2006-08-16 09:32:46,1230833.07113462,5783289.79542555
767,724,2006-08-16 10:03:08,1230831.91341192,5783298.29153443
767,725,2006-08-16 11:02:20,1230929.22891077,5783281.57184113
767,726,2006-08-16 11:31:41,1230945.60400786,5783282.14893453
767,727,2006-08-16 12:01:47,1230951.31469774,5783261.75832404
767,728,2006-08-16 12:32:00,1230938.64653969,5783250.24855047
767,729,2006-08-16 13:31:41,1230868.23696176,5783323.71578812
767,730,2006-08-16 14:31:45,1230983.76432931,5783154.48396655
767,731,2006-08-16 15:02:37,1230705.35428283,5783222.69248199
767,732,2006-08-16 15:31:50,1230728.78703565,5783218.26812993
767,733,2006-08-16 16:33:08,1230683.30189171,5783248.21270071
767,734,2006-08-16 17:02:57,1230682.47812747,5783243.16315411
767,735,2006-08-16 17:32:24,1230659.44612483,5783130.02200405
767,736,2006-08-16 18:02:08,1230760.83591705,5783151.16572784
767,737,2006-08-16 18:31:16,1230295.76534841,5783071.22380152
767,738,2006-08-16 19:01:35,1230221.30374102,5782915.71822146
767,739,2006-08-16 19:30:38,1230072.98165148,5782803.57508015
767,740,2006-08-16 20:00:56,1230310.04763908,5782784.61219348
767,741,2006-08-16 20:30:42,1230341.84048565,5782783.85880829
767,742,2006-08-16 21:01:02,1230309.50217357,5782768.56670569
767,743,2006-08-16 21:31:47,1230445.2340287,5782888.93261663
767,744,2006-08-16 22:01:10,1230485.03074665,5782871.09162134
767,745,2006-08-16 22:30:41,1230461.19724368,5782924.67883384
767,746,2006-08-16 23:00:45,1230452.4920595,5782916.56779613
767,747,2006-08-16 23:30:25,1230385.68923307,5782924.59868521
767,748,2006-08-17 00:00:42,1230296.32194586,5783065.24461684
767,749,2006-08-17 20:01:53,1230067.44907279,5782886.89684986
767,750,2006-08-18 20:01:29,1230172.15618583,5783023.67897529
767,751,2006-08-19 00:01:23,1230116.61889188,5782969.75453834
767,752,2006-08-19 04:02:16,1230444.08743794,5782899.8808822
767,753,2006-08-19 20:00:42,1230419.00715667,5782859.14955561
767,754,2006-08-20 00:01:53,1229830.55006444,5782856.37643392
767,755,2006-08-20 04:01:40,1230609.08518719,5782915.22130047
767,756,2006-08-20 20:01:23,1230428.41365364,5782872.45413993
767,757,2006-08-21 00:01:12,1229882.22457206,5782806.65274606
767,758,2006-08-21 04:02:12,1230325.33180516,5783173.03085992
767,759,2006-08-21 20:01:24,1230388.73938712,5782879.15452852
767,760,2006-08-22 00:01:51,1229503.25962955,5783039.51653575
767,761,2006-08-22 20:01:47,1230414.46532144,5782842.99172584
767,762,2006-08-23 00:00:54,1230263.8723143,5782985.43170408
767,763,2006-08-23 04:03:05,1230654.90428961,5783214.85368583
767,764,2006-08-23 16:03:06,1230806.66615141,5783617.14196078
767,765,2006-08-23 20:00:47,1230269.87243485,5782833.34192489
767,766,2006-08-24 04:01:11,1230305.88429012,5783065.13240698
767,767,2006-08-24 16:03:07,1230578.01591732,5783278.04516009
767,768,2006-08-24 20:01:33,1229912.70384864,5782802.24463116
767,769,2006-08-25 00:01:11,1230421.82353978,5782851.74387998
767,770,2006-08-25 04:02:28,1230443.83140311,5783194.65559272
767,771,2006-08-25 08:01:53,1230935.15110768,5783402.79433971
767,772,2006-08-25 20:00:48,1230374.94690221,5782863.86226151
767,773,2006-08-26 00:01:22,1230116.8971906,5782915.70219175
767,774,2006-08-26 04:01:47,1230484.68565624,5782831.30617088
767,775,2006-08-26 08:02:18,1230937.17712241,5783497.03868395
767,776,2006-08-26 16:01:45,1230639.51993598,5783588.36640118
767,777,2006-08-26 20:01:00,1230099.9543641,5782782.64056855
767,778,2006-08-27 00:02:41,1230034.81019809,5782902.1891566
767,779,2006-08-27 04:00:48,1230414.39852975,5782886.60831602
767,780,2006-08-27 16:02:21,1230635.74620524,5783475.84604294
767,781,2006-08-27 20:01:46,1230361.14328535,5782886.60831602
767,782,2006-08-28 00:02:22,1230035.50037893,5782923.12395054
767,783,2006-08-28 04:01:35,1230332.63436376,5782889.84630739
767,784,2006-08-28 20:01:40,1230475.78009697,5782899.97706028
767,785,2006-08-29 00:01:54,1230482.80435684,5782903.27917528
767,786,2006-08-29 04:01:13,1230248.1540022,5783045.3995234
767,787,2006-08-29 08:02:29,1231028.85985503,5783495.11499281
767,788,2006-08-30 08:02:06,1230538.49749808,5783293.89920543
767,789,2006-08-30 16:03:04,1230462.28817469,5783502.04028286
767,790,2006-08-30 20:02:39,1230620.33958772,5782905.90804441
767,791,2006-08-31 04:01:16,1230211.04008396,5783104.03725413
767,792,2006-08-31 08:03:05,1230602.27243436,5783454.7496367
767,793,2006-08-31 20:00:53,1230413.54136967,5782865.8178749
767,794,2006-09-01 00:01:25,1229671.17394946,5783004.28281126
767,795,2006-09-01 04:00:53,1230177.3882019,5783056.04341291
767,796,2006-09-01 16:01:46,1230694.87911875,5783542.14936084
767,797,2006-09-01 20:01:26,1230160.86838947,5782892.97209225
767,798,2006-09-02 04:00:54,1230283.44228078,5782957.74822054
767,799,2006-09-02 12:02:40,1230643.4940418,5783527.09641222
767,800,2006-09-02 20:01:41,1230471.95070649,5782875.43565193
767,801,2006-09-03 04:00:48,1230159.68840286,5782913.34582471
767,802,2006-09-03 20:00:48,1230424.33936028,5782857.61071341
767,803,2006-09-04 00:00:54,1230271.57562306,5782948.57918773
767,804,2006-09-04 04:01:43,1230477.11593086,5782870.03366588
767,805,2006-09-04 20:03:05,1229961.12782713,5782679.37932887
767,806,2006-09-05 00:01:47,1229890.11712396,5782995.51447666
767,807,2006-09-05 04:03:07,1230565.18078003,5783258.64843946
767,808,2006-09-05 16:02:43,1230352.59394846,5783714.09784873
767,809,2006-09-05 20:01:53,1230498.51153699,5782864.34315001
767,810,2006-09-06 00:01:24,1230487.30166427,5782905.69965841
767,811,2006-09-06 04:02:39,1230383.4962391,5783040.89511016
767,812,2006-09-06 20:01:41,1230562.98778606,5782863.31725458
767,813,2006-09-07 00:01:42,1230560.06008345,5782905.61950996
767,814,2006-09-07 16:02:16,1230635.45677457,5783584.53501059
767,815,2006-09-07 20:00:48,1230463.63514053,5783128.94798759
767,816,2006-09-08 00:02:01,1230655.50541486,5782939.84296773
767,817,2006-09-08 04:00:55,1230439.82390144,5783142.20488651
767,818,2006-09-08 20:01:41,1230658.45538136,5782869.21615492
767,819,2006-09-09 00:01:42,1230416.63605151,5782868.43070329
767,820,2006-09-09 04:00:55,1230623.10031109,5782916.08690479
767,821,2006-09-09 20:00:53,1230541.20256171,5783079.960151
767,822,2006-09-10 00:00:55,1230419.49696243,5782868.75129579
767,823,2006-09-10 16:02:10,1230731.97077308,5783781.17245006
767,824,2006-09-10 20:01:24,1230562.82080682,5782903.79212529
767,825,2006-09-11 00:02:08,1230007.42560336,5782602.42307735
767,826,2006-09-11 04:02:24,1230685.08300356,5783449.13889882
767,827,2006-09-11 16:02:56,1230678.37043826,5783601.76826578
767,828,2006-09-11 20:01:18,1230490.67464484,5782885.30991388
767,829,2006-09-12 00:00:54,1230396.854578,5782881.51088647
767,830,2006-09-12 04:03:04,1230697.08324467,5783392.1019421
767,831,2006-09-12 20:00:53,1230618.87017044,5782918.69974801
767,832,2006-09-13 00:01:44,1230642.73706926,5783124.26720092
767,833,2006-09-13 04:00:54,1230452.41413585,5783121.95886869
767,834,2006-09-13 20:03:07,1230335.40621908,5782872.4381103
767,835,2006-09-14 00:00:54,1230390.63181846,5782883.56268166
767,836,2006-09-14 04:02:08,1230377.5072505,5783038.23414113
767,837,2006-09-14 08:01:40,1230709.47310399,5783587.67707137
767,838,2006-09-14 12:02:53,1230752.24205236,5783611.62730591
767,839,2006-09-14 20:01:27,1230488.60410231,5782777.91187637
767,840,2006-09-15 00:01:53,1230282.6296485,5782784.91675348
767,841,2006-09-15 04:02:20,1230714.24871015,5783194.91207615
767,842,2006-09-15 20:00:53,1230585.27394812,5782821.07931923
767,843,2006-09-16 00:00:47,1230462.98948748,5782927.6603634
767,844,2006-09-16 04:00:55,1230404.76939379,5782873.28768082
767,845,2006-09-16 08:03:02,1230625.97235395,5783376.40802655
767,846,2006-09-17 00:00:55,1230317.28340598,5782809.5220293
767,847,2006-09-17 04:01:45,1230537.23958784,5782789.06838806
767,848,2006-09-17 20:01:43,1230702.51563582,5783046.58573937
767,849,2006-09-18 00:01:23,1230625.42688844,5782892.05840117
767,850,2006-09-18 04:01:24,1230767.72659352,5783169.61643325
767,851,2006-09-18 12:02:24,1231059.27233991,5783400.2935679
767,852,2006-09-18 20:00:54,1230646.31042492,5782886.06330769
767,853,2006-09-19 20:01:49,1229865.45985675,5782765.5692002
767,854,2006-09-20 00:01:45,1229888.72563032,5782802.61330977
767,855,2006-09-20 04:01:24,1229745.91385558,5782694.52701383
767,856,2006-09-20 12:03:04,1230797.57134901,5783722.56230198
767,857,2006-09-20 20:01:12,1230764.4315366,5783195.72961715
767,858,2006-09-21 00:01:05,1230636.35846244,5782847.68839356
767,859,2006-09-21 04:01:12,1230647.7575783,5782881.57500506
767,860,2006-09-21 12:02:18,1230700.97942685,5783577.28903795
767,861,2006-09-21 16:01:21,1230737.60353932,5783493.01496379
767,862,2006-09-22 00:00:49,1230631.92794671,5782881.02999704
767,863,2006-09-22 04:01:45,1230724.27859627,5782912.60845828
767,864,2006-09-22 20:00:55,1229763.65818242,5782677.16728815
767,865,2006-09-23 00:00:55,1229556.19204743,5782814.6514765
767,866,2006-09-23 04:02:36,1229678.89952213,5782779.33849849
767,867,2006-09-23 08:01:53,1230796.69192503,5783481.3445826
767,868,2006-09-23 20:01:54,1230793.77535437,5783179.50705309
767,869,2006-09-24 00:01:12,1230550.63132258,5782823.51580946
767,870,2006-09-24 04:01:19,1230568.38678136,5782835.18532459
767,871,2006-09-24 20:00:48,1230594.04592399,5782816.60707903
767,872,2006-09-25 00:00:48,1230602.17224682,5782844.00158934
767,873,2006-09-25 04:01:11,1230588.06806733,5782840.98802877
767,874,2006-09-25 08:03:06,1231031.052849,5783395.83706604
767,875,2006-09-25 16:01:24,1231024.01745718,5783430.30287618
767,876,2006-09-25 20:01:23,1230566.97302383,5782807.35804464
767,877,2006-09-26 00:01:43,1230611.28931311,5782880.32469259
767,878,2006-09-26 04:01:18,1230577.6040352,5782815.59721866
767,879,2006-09-26 20:01:48,1230472.17334547,5782903.32726434
767,880,2006-09-27 00:00:54,1229889.96127667,5782774.51363134
767,881,2006-09-27 04:02:35,1230034.94378148,5782809.53805881
767,882,2006-09-27 20:02:51,1229971.13544936,5782875.38756302
767,883,2006-09-28 00:01:44,1229889.76090159,5782805.25817856
767,884,2006-09-28 04:02:10,1229965.7921138,5782903.07078934
767,885,2006-09-28 20:00:54,1230554.11562264,5782877.64774213
767,886,2006-09-29 00:01:24,1230376.66122237,5782851.37519932
767,887,2006-09-29 16:02:29,1231096.23041085,5783496.12493061
767,888,2006-09-29 20:01:55,1230554.72787984,5782880.1163072
767,889,2006-09-30 08:02:52,1230809.159708,5783565.65060757
767,890,2006-09-30 16:02:12,1230712.11137592,5783597.42387922
767,891,2006-09-30 20:00:49,1229854.5616786,5782798.63799333
767,892,2006-10-01 16:03:03,1230659.95819449,5783363.34314359
767,893,2006-10-02 00:01:35,1229859.58218763,5782824.41346392
767,894,2006-10-02 20:01:24,1229674.9476802,5782770.93906369
767,895,2006-10-03 00:02:27,1229957.74371462,5782906.1484898
767,896,2006-10-03 04:00:53,1230189.42183885,5782656.15292887
767,897,2006-10-03 20:01:52,1230895.76627184,5783286.79774379
767,898,2006-10-04 00:01:30,1230378.709501,5783049.45510027
767,899,2006-10-04 04:00:39,1229899.14513466,5782789.24471235
767,900,2006-10-05 00:02:52,1230045.57479285,5782908.29646887
767,901,2006-10-05 04:02:22,1229970.06678225,5782901.19531616
767,902,2006-10-05 12:03:11,1231004.380699,5783541.52415799
767,903,2006-10-05 16:03:11,1230739.91898472,5783565.52236049
767,904,2006-10-05 20:01:23,1229524.4993884,5782747.4719827
767,905,2006-10-06 00:02:53,1230094.13235473,5782737.22919839
767,906,2006-10-06 08:03:00,1230394.87309106,5783428.9242412
767,907,2006-10-06 20:01:25,1229548.1102524,5782946.73576444
767,908,2006-10-07 00:01:19,1229850.43172549,5783148.24824362
767,909,2006-10-07 04:00:49,1229806.87240874,5783114.93769516
767,910,2006-10-08 00:02:41,1230043.2036877,5782926.58637145
767,911,2006-10-08 04:01:18,1229788.97223462,5783059.05704659
767,912,2006-10-08 16:01:31,1229981.13193963,5782907.03012294
767,913,2006-10-08 20:01:50,1229557.87297174,5782807.47025124
767,914,2006-10-09 00:02:11,1229808.14145094,5782627.28431363
767,915,2006-10-09 04:02:42,1229648.19760657,5783110.99429877
767,916,2006-10-09 16:01:41,1230633.84264195,5783504.18840634
767,917,2006-10-09 20:00:54,1229539.33827652,5782875.83639287
767,918,2006-10-10 00:01:45,1229724.23995073,5782759.5421334
767,919,2006-10-10 04:01:28,1230183.04323203,5783177.67961197
767,920,2006-10-10 16:02:22,1230838.68163696,5783603.38739195
767,921,2006-10-10 20:00:53,1230249.51209998,5783180.21238135
767,922,2006-10-11 00:01:22,1230209.74877787,5782971.64605585
767,923,2006-10-11 04:01:50,1230273.45692245,5783174.12091191
767,924,2006-10-11 12:02:54,1230858.57442996,5783441.68463826
767,925,2006-10-11 16:03:02,1230942.57611771,5783348.89965734
767,926,2006-10-11 20:00:54,1230340.53804761,5783185.1336505
767,927,2006-10-12 00:00:54,1230300.39623922,5783232.56713077
767,928,2006-10-12 04:01:17,1230345.60308444,5783227.629805
767,929,2006-10-12 08:02:24,1230741.70009658,5783460.5046544
767,930,2006-10-12 20:00:48,1229619.9669837,5782781.42232897
767,931,2006-10-13 00:01:23,1229890.60692972,5782731.65097341
767,932,2006-10-13 04:01:18,1229592.28182634,5782813.7377935
767,933,2006-10-13 12:03:04,1230538.8648524,5783464.14362295
767,934,2006-10-13 16:03:05,1230632.6069956,5783522.28716885
767,935,2006-10-13 20:02:48,1229586.33736553,5783050.94588592
767,936,2006-10-14 00:00:53,1229873.12976966,5783096.87182446
767,937,2006-10-14 04:01:12,1229713.26384894,5782766.88361424
767,938,2006-10-14 12:03:00,1230520.47487252,5783372.60878866
767,939,2006-10-14 16:01:52,1230699.98868338,5783294.44423883
767,940,2006-10-14 20:01:12,1229892.12087479,5783137.81263485
767,941,2006-10-15 00:02:48,1229746.61516838,5782899.52822921
767,942,2006-10-15 04:00:44,1229787.34697006,5782873.86474764
767,943,2006-10-15 16:02:04,1230526.87574325,5783582.5471768
767,944,2006-10-15 20:00:54,1230259.00765255,5782859.1174964
767,945,2006-10-16 00:01:24,1229900.72587143,5783106.44176203
767,946,2006-10-16 04:02:17,1229866.97380182,5783081.32270169
767,947,2006-10-16 20:00:53,1230394.79516742,5783139.70418821
767,948,2006-10-17 00:00:47,1229874.75503423,5783205.66835683
767,949,2006-10-17 04:00:54,1230306.68579046,5782883.38635549
767,950,2006-10-17 12:02:48,1230723.18766526,5783710.25037265
767,951,2006-10-17 20:01:52,1229966.76059337,5782899.97706028
767,952,2006-10-18 00:00:52,1229558.8637152,5782571.24644825
767,953,2006-10-18 04:01:24,1229887.75715075,5783108.22109829
767,954,2006-10-18 12:02:01,1231067.8662046,5783398.96302934
767,955,2006-10-18 16:01:47,1230944.46854906,5783292.37631814
767,956,2006-10-18 20:01:23,1230489.72842917,5783094.93219013
767,957,2006-10-19 00:00:54,1230259.89820848,5782837.57372999
767,958,2006-10-19 04:01:21,1230218.22019112,5782952.42633321
767,959,2006-10-19 16:03:03,1230737.40316423,5783563.66277801
767,960,2006-10-19 20:01:12,1230286.1473444,5782831.77102805
767,961,2006-10-20 00:00:49,1229903.29735167,5783091.72618391
767,962,2006-10-20 04:01:03,1229877.08161159,5783118.28798046
767,963,2006-10-20 12:01:23,1230364.27136304,5783389.55308161
767,964,2006-10-20 16:00:53,1230451.71282306,5783269.80555622
767,965,2006-10-20 20:01:25,1229922.84505425,5783139.70418821
767,966,2006-10-21 00:00:49,1229875.0889927,5783120.74058247
767,967,2006-10-21 04:00:48,1229865.4932526,5783114.13619169
767,968,2006-10-21 20:00:42,1230190.71314495,5783126.09463104
767,969,2006-10-22 00:00:54,1229649.51117656,5783226.07486856
767,970,2006-10-22 04:01:54,1230458.91519412,5783079.88000096
767,971,2006-10-22 08:01:49,1230662.80797345,5783538.87906951
767,972,2006-10-22 16:01:51,1230649.90604447,5783514.04733793
767,973,2006-10-22 20:00:55,1230158.41936067,5783294.29996528
767,974,2006-10-23 00:01:23,1229667.33342703,5783238.17773156
767,975,2006-10-23 04:01:24,1229699.95003784,5783221.45815166
767,976,2006-10-23 08:02:59,1230542.50499975,5783456.7855339
767,977,2006-10-23 16:03:05,1230742.32348573,5783199.7852628
767,978,2006-10-23 20:01:11,1230262.54761236,5783133.82113797
767,979,2006-10-24 04:03:06,1230408.88821495,5783289.76336478
767,980,2006-10-25 00:01:23,1229827.05463242,5782506.02433307
767,981,2006-10-25 04:01:23,1229726.22143766,5782476.89974408
767,982,2006-10-25 16:03:08,1230673.59483211,5783557.28248938
767,983,2006-10-25 20:02:04,1230337.16506703,5782859.95103603
767,984,2006-10-26 00:01:47,1229728.24745239,5782476.17844287
767,985,2006-10-26 04:00:54,1229587.52848408,5782759.95889853
767,986,2006-10-26 16:01:48,1230635.49017041,5783521.30928968
767,987,2006-10-26 20:01:11,1229924.42579102,5783116.05980014
767,988,2006-10-27 00:01:19,1229659.41861124,5783209.37134172
767,989,2006-10-27 04:01:56,1229763.55799487,5783176.33307664
767,990,2006-10-27 08:03:05,1230740.99878378,5783535.27213195
767,991,2006-10-27 12:03:05,1230606.35785967,5783597.03913661
767,992,2006-10-27 20:00:54,1230008.80596504,5783348.27446812
767,993,2006-10-28 00:00:54,1230246.52873763,5782938.59264705
767,994,2006-10-28 04:00:54,1230338.32278974,5783062.55158055
767,995,2006-10-28 08:01:47,1230680.46324469,5783424.25932676
767,996,2006-10-28 12:01:52,1230630.33607799,5783603.67594912
767,997,2006-10-28 20:00:48,1229925.73936101,5783135.7447507
767,998,2006-10-29 00:00:43,1229613.15423086,5782784.70837032
767,999,2006-10-29 04:00:49,1229886.27660152,5783127.00834624
767,1000,2006-10-29 12:03:01,1230476.0138679,5783531.92168903
767,1001,2006-10-29 20:01:24,1230174.07088107,5782932.4051652
767,1002,2006-10-30 00:01:08,1230485.68753165,5782879.28276567
767,1003,2006-10-30 04:02:15,1230536.86110157,5783254.19200881
767,1004,2006-10-30 08:01:50,1230513.68438359,5783538.39814442
767,1005,2006-10-30 16:02:29,1230646.90041822,5783577.51347065
767,1006,2006-10-30 20:01:23,1229860.42821576,5783060.32341424
767,1007,2006-10-31 00:00:49,1229602.18926102,5782801.05844789
767,1008,2006-10-31 16:03:06,1230692.64159698,5783592.21382435
767,1009,2006-10-31 20:01:37,1229725.31974979,5782895.34448355
767,1010,2006-11-01 00:00:54,1229861.90876499,5783065.85375611
767,1011,2006-11-01 04:00:54,1229889.40467922,5783126.3350824
767,1012,2006-11-01 08:02:59,1230784.64715612,5783457.29851595
767,1013,2006-11-01 16:01:55,1230698.64171754,5783646.2222034
767,1014,2006-11-01 20:01:52,1230071.44544251,5782981.40821616
767,1015,2006-11-02 00:00:53,1230347.59570332,5783187.13742538
767,1016,2006-11-02 04:01:24,1230307.52068664,5783194.9601668
767,1017,2006-11-02 08:02:53,1230535.43621209,5783577.49743974
767,1018,2006-11-02 16:01:27,1230383.08435699,5783630.73624094
767,1019,2006-11-02 20:02:20,1229719.1081222,5782625.93786191
767,1020,2006-11-03 00:01:18,1229972.94995706,5782885.21373595
767,1021,2006-11-03 04:00:54,1230134.71944108,5782989.1826865
767,1022,2006-11-03 08:00:55,1230385.06584392,5783489.82484433
767,1023,2006-11-03 12:02:57,1230421.79014393,5783552.74575428
767,1024,2006-11-03 16:01:48,1230273.17862373,5783509.65490202
767,1025,2006-11-03 20:01:53,1230097.65005064,5782963.58306454
767,1026,2006-11-04 00:02:24,1230089.99126968,5782967.39815693
767,1027,2006-11-04 04:00:55,1230409.08859004,5783058.91277687
767,1028,2006-11-04 12:03:10,1230598.86605794,5783650.50248972
767,1029,2006-11-04 20:01:25,1229615.97061398,5783230.56334563
767,1030,2006-11-05 00:02:22,1229731.30873839,5783036.74335763
767,1031,2006-11-05 04:00:48,1229906.81504758,5783148.58487637
767,1032,2006-11-05 08:01:53,1230257.28220044,5783632.69202352
767,1033,2006-11-05 12:02:11,1230370.42733088,5783508.08388532
767,1034,2006-11-05 16:02:41,1230453.11544864,5783645.08400026
767,1035,2006-11-05 20:01:09,1230375.44783992,5783081.29064168
767,1036,2006-11-06 00:02:01,1229665.02911357,5783214.86971609
767,1037,2006-11-06 04:01:22,1229876.22445151,5783102.49836941
767,1038,2006-11-06 12:02:59,1230601.05905191,5783529.34072669
767,1039,2006-11-06 20:02:49,1230155.92580407,5783173.43161431
767,1040,2006-11-07 00:01:23,1230139.08316512,5783256.91716398
767,1041,2006-11-07 04:01:24,1229824.13806177,5783088.96901948
767,1042,2006-11-07 08:01:48,1230483.8841559,5783380.64009093
767,1043,2006-11-07 12:02:11,1230419.32998319,5783475.92619655
767,1044,2006-11-07 16:01:55,1230337.14280314,5783526.34296392
767,1045,2006-11-07 20:01:54,1230444.5995076,5783150.36422109
767,1046,2006-11-08 00:01:09,1230315.59134972,5783175.29111492
767,1047,2006-11-08 04:01:24,1230254.23204639,5783204.25769633
767,1048,2006-11-08 08:02:28,1230262.02441075,5783579.05243783
767,1049,2006-11-08 12:03:03,1230409.71197919,5783492.91877927
767,1050,2006-11-08 16:01:57,1230373.82257535,5783526.45517962
767,1051,2006-11-08 20:00:53,1229594.6529315,5782774.41745462
767,1052,2006-11-09 00:01:24,1229713.74252274,5782644.77217538
767,1053,2006-11-09 04:01:21,1230231.12212011,5782991.28259615
767,1054,2006-11-09 12:01:23,1230781.66379377,5783528.20253856
767,1055,2006-11-09 16:02:50,1230646.86702237,5783555.77558771
767,1056,2006-11-09 20:01:24,1230160.92404921,5782943.32142494
767,1057,2006-11-10 00:01:54,1230039.79731128,5782931.97236223
767,1058,2006-11-10 04:00:54,1230581.74512026,5782931.98839197
767,1059,2006-11-10 16:03:08,1230604.44316443,5783328.15622327
767,1060,2006-11-10 20:01:17,1230424.17238104,5783093.16888656
767,1061,2006-11-11 00:00:54,1230493.31291677,5783127.20070735
767,1062,2006-11-11 04:01:14,1230574.38690191,5783245.77609374
767,1063,2006-11-11 16:02:18,1230388.66146348,5783592.45428835
767,1064,2006-11-11 20:00:54,1229588.28545662,5782810.6280661
767,1065,2006-11-12 00:02:14,1229520.03547682,5782920.54316546
767,1066,2006-11-12 08:02:17,1230580.28683493,5783480.71938404
767,1067,2006-11-12 12:02:24,1230598.54323142,5783514.44810774
767,1068,2006-11-12 16:01:23,1230590.97350604,5783509.12588616
767,1069,2006-11-13 00:01:50,1229923.94711721,5782945.11675822
767,1070,2006-11-13 04:00:49,1230175.86312488,5782979.42051762
767,1071,2006-11-13 08:01:40,1230397.63381443,5783524.21086589
767,1072,2006-11-13 16:02:54,1230343.12065979,5783709.08009901
767,1073,2006-11-13 20:00:54,1229615.32496094,5782817.16811263
767,1074,2006-11-14 00:01:53,1229468.839643,5782832.1397079
767,1075,2006-11-14 04:00:48,1229881.96853723,5782706.94973775
767,1076,2006-11-14 08:02:43,1230362.23421636,5783493.27145586
767,1077,2006-11-14 12:01:48,1230449.84265562,5784034.10148652
767,1078,2006-11-14 16:02:53,1230446.01326513,5783566.67658429
767,1079,2006-11-14 20:00:55,1229881.28948834,5783106.9547238
767,1080,2006-11-15 00:00:54,1229556.79317268,5783135.937112
767,1081,2006-11-15 04:01:24,1229674.52466614,5783240.3418214
767,1082,2006-11-15 08:03:06,1230341.762562,5783522.190984
767,1083,2006-11-15 20:01:24,1229788.28205378,5783039.83713442
767,1084,2006-11-16 00:01:42,1229932.05117614,5783037.43264459
767,1085,2006-11-16 04:00:54,1230252.52885818,5783104.02122408
767,1086,2006-11-16 08:03:09,1230606.36899162,5783507.36250019
767,1087,2006-11-16 12:02:02,1230444.42139641,5783908.44565706
767,1088,2006-11-16 16:01:47,1230537.97429648,5783494.69819312
767,1089,2006-11-16 20:01:23,1229889.15977634,5783115.01784551
767,1090,2006-11-17 00:00:53,1229415.21704428,5782990.72155154
767,1091,2006-11-17 04:00:53,1229475.63013194,5783054.24805715
767,1092,2006-11-17 16:00:55,1230634.84451737,5783536.15382766
767,1093,2006-11-17 20:00:53,1229895.90573748,5783147.33452623
767,1094,2006-11-18 00:01:23,1229574.49297171,5782821.36785093
767,1095,2006-11-18 12:01:51,1230709.77366662,5783602.42553478
767,1096,2006-11-18 20:00:48,1229659.56332658,5783254.57673655
767,1097,2006-11-19 00:00:42,1229676.7621879,5783259.22553136
767,1098,2006-11-19 04:00:54,1229663.54856435,5783244.67000264
767,1099,2006-11-19 08:01:49,1230490.45200586,5783575.14089676
767,1100,2006-11-19 12:02:53,1230549.59605132,5783595.67650663
767,1101,2006-11-19 16:02:24,1230416.44680838,5783361.88436644
767,1102,2006-11-19 20:01:12,1229448.89119025,5782866.65141516
767,1103,2006-11-20 00:01:23,1229456.49431147,5782868.70320691
767,1104,2006-11-20 04:01:41,1229605.18375532,5782823.54786855
767,1105,2006-11-20 12:01:52,1230579.3740151,5783590.9473807
767,1106,2006-11-20 16:03:03,1230426.37650696,5783567.8949318
767,1107,2006-11-20 20:00:54,1229929.41290421,5783122.08710935
767,1108,2006-11-21 00:01:55,1229525.26749288,5782866.52317819
767,1109,2006-11-21 04:00:49,1229460.4461534,5782863.07681035
767,1110,2006-11-21 20:00:54,1230253.25243488,5782822.44183013
767,1111,2006-11-22 00:02:29,1229739.702228,5782926.69857956
767,1112,2006-11-22 04:02:03,1230424.45067977,5783320.62191224
767,1113,2006-11-22 12:01:55,1230761.04742408,5783566.83689316
767,1114,2006-11-22 16:01:40,1230618.83677459,5783583.79758833
767,1115,2006-11-22 20:01:18,1230413.25193899,5783350.10194442
767,1116,2006-11-23 00:01:54,1229643.27728507,5782536.70383301
767,1117,2006-11-23 04:01:23,1229643.83388253,5782538.75554839
767,1118,2006-11-23 08:01:19,1229657.62636744,5782523.0150566
767,1119,2006-11-23 16:01:46,1230597.44116846,5783531.40870266
767,1120,2006-11-23 20:01:37,1229347.32328685,5782704.62548485
767,1121,2006-11-24 00:00:52,1229604.8831927,5782535.34136603
767,1122,2006-11-24 04:00:48,1229639.77072111,5782571.24644825
767,1123,2006-11-24 08:01:24,1230581.40002983,5783522.27113804
767,1124,2006-11-24 12:01:42,1230475.36821486,5783565.92313262
767,1125,2006-11-24 16:02:53,1230509.53216658,5783539.85695062
767,1126,2006-11-24 20:01:23,1229788.17073429,5782856.90541083
767,1127,2006-11-25 00:01:47,1229725.17503445,5782738.71993152
767,1128,2006-11-25 04:01:53,1229800.52719777,5782529.84341315
767,1129,2006-11-25 20:00:43,1229473.65977695,5782863.60578766
767,1130,2006-11-26 00:00:49,1229399.96627405,5782741.76551611
767,1131,2006-11-26 04:01:50,1229382.97891975,5783018.90206484
767,1132,2006-11-26 12:01:51,1230462.26591079,5783620.74893167
767,1133,2006-11-26 20:00:54,1229812.36045964,5782524.28134768
767,1134,2006-11-27 00:01:50,1229938.11808839,5783132.21812768
767,1135,2006-11-27 04:00:54,1230311.88441068,5783148.16809297
767,1136,2006-11-27 08:02:17,1230561.907987,5783662.67005651
767,1137,2006-11-27 12:01:45,1230607.45992263,5783608.13255548
767,1138,2006-11-27 16:01:52,1230563.24382089,5783611.69142979
767,1139,2006-11-27 20:00:54,1229952.99037236,5783155.87858899
767,1140,2006-11-28 00:01:24,1229513.48989076,5782757.08963133
767,1141,2006-11-28 04:01:17,1229399.96627405,5782817.13605356
767,1142,2006-11-28 08:02:40,1230491.04199916,5783671.1665228
767,1143,2006-11-28 12:02:44,1230498.91228716,5783589.84124653
767,1144,2006-11-28 20:00:54,1229887.47885203,5783110.19279565
767,1145,2006-11-29 00:00:57,1229497.14818951,5782751.22286442
767,1146,2006-11-29 04:00:53,1229350.85211471,5783018.21277931
767,1147,2006-11-29 12:01:18,1230479.05289,5783501.20668285
767,1148,2006-11-29 16:01:24,1230481.46852295,5783551.9923038
767,1149,2006-11-29 20:00:54,1230048.36891207,5782938.20793302
767,1150,2006-11-30 00:00:53,1229610.61614647,5782799.15093728
767,1151,2006-11-30 04:00:42,1229471.45565103,5782852.46521175
767,1152,2006-11-30 12:03:04,1230445.47893158,5783649.33222396
767,1153,2006-11-30 16:01:48,1230438.53259535,5783567.51019046
767,1154,2006-11-30 20:01:42,1229730.24007128,5782473.72601919
767,1155,2006-12-01 00:01:17,1229530.37705751,5782575.20563364
767,1156,2006-12-01 04:01:45,1229460.89143136,5782601.79794078
767,1157,2006-12-01 08:02:01,1230800.73282254,5783665.55564792
767,1158,2006-12-01 12:02:15,1230759.25518028,5783587.8854734
767,1159,2006-12-01 20:01:19,1229687.94979673,5782745.85301287
767,1160,2006-12-02 00:00:54,1229706.4065683,5782537.32896499
767,1161,2006-12-02 04:01:12,1229697.63459243,5782624.17465163
767,1162,2006-12-02 12:01:17,1230426.05368043,5783568.888847
767,1163,2006-12-02 16:02:19,1230426.56575009,5783581.21661089
767,1164,2006-12-02 20:00:54,1229887.2005533,5783109.18290183
767,1165,2006-12-03 00:02:17,1229387.13113676,5782535.58180136
767,1166,2006-12-03 04:01:19,1229625.85578476,5782360.72291907
767,1167,2006-12-03 08:01:49,1230301.08642007,5783416.83714836
767,1168,2006-12-03 12:02:40,1230519.52865685,5783678.22019912
767,1169,2006-12-03 16:01:09,1230513.35042511,5783582.29068215
767,1170,2006-12-03 20:00:55,1229949.75097518,5783128.06633237
767,1171,2006-12-04 00:01:24,1229642.59823618,5782577.86646367
767,1172,2006-12-04 04:00:49,1229796.53082805,5782810.21129859
767,1173,2006-12-04 12:03:00,1230388.77278297,5783562.86123396
767,1174,2006-12-04 16:02:09,1230481.30154371,5783626.35977819
767,1175,2006-12-04 20:00:48,1229819.4515112,5783040.62260125
767,1176,2006-12-05 00:00:53,1229550.10287128,5782758.50022068
767,1177,2006-12-05 04:01:23,1229640.08241569,5782555.97074148
767,1178,2006-12-05 08:02:54,1230490.19597103,5783575.70197836
767,1179,2006-12-05 12:01:45,1230382.9507736,5783533.74920319
767,1180,2006-12-05 16:02:49,1230362.52364704,5783572.68816902
767,1181,2006-12-05 20:01:46,1230127.16084765,5783659.54400021
767,1182,2006-12-06 00:01:56,1230001.09152433,5783594.53830999
767,1183,2006-12-06 04:01:23,1230075.59765952,5783134.41425185
767,1184,2006-12-06 12:01:56,1230514.21871714,5783560.02376861
767,1185,2006-12-07 00:00:53,1229812.67215421,5782524.02488364
767,1186,2006-12-07 04:01:23,1229828.5908414,5782836.51577853
767,1187,2006-12-07 20:01:43,1229482.09779435,5783035.47699334
767,1188,2006-12-08 00:01:23,1229480.89554385,5782985.92862901
767,1189,2006-12-08 04:01:23,1230249.89058625,5783141.33926009
